Price,Close,Signal,Portfolio Value,RSI,RSI_Signal,RSI Portfolio Value,MACD,MACD_Signal,MACD_Signal_Type,MACD Portfolio Value
Ticker,RELIANCE.NS,,,,,,,,,
Date,,,,,,,,,,
2023-01-02,1184.7564697265625,0,100000.0,,0,100000.0,0.0,0.0,0,100000.0
2023-01-03,1176.0865478515625,0,100000.0,,0,100000.0,-0.6916176994300258,-0.13832353988600518,-1,100000.0
2023-01-04,1158.37890625,0,100000.0,,0,100000.0,-2.638177133587533,-0.6382942586263107,-1,100000.0
2023-01-05,1156.3092041015625,0,100000.0,,0,100000.0,-4.298299059557166,-1.370295218812482,-1,100000.0
2023-01-06,1166.8187255859375,0,100000.0,,0,100000.0,-4.711614534887303,-2.0385590820274464,-1,100000.0
2023-01-09,1194.3690185546875,0,100000.0,,0,100000.0,-2.7839994193636812,-2.1876471494946936,-1,100000.0
2023-01-10,1176.7073974609375,0,100000.0,,0,100000.0,-2.65093741417445,-2.280305202430645,-1,100000.0
2023-01-11,1161.87451171875,0,100000.0,,0,100000.0,-3.6997265871016225,-2.5641894793648405,-1,100000.0
2023-01-12,1136.78466796875,0,100000.0,,0,100000.0,-6.480734396807065,-3.347498462853286,-1,100000.0
2023-01-13,1134.945068359375,0,100000.0,,0,100000.0,-8.732480833115687,-4.4244949369057665,-1,100000.0
2023-01-16,1124.136474609375,0,100000.0,,0,100000.0,-11.259378188250366,-5.791471587174687,-1,100000.0
2023-01-17,1140.0963134765625,0,100000.0,,0,100000.0,-11.83767953191932,-7.000713176123614,-1,100000.0
2023-01-18,1138.2105712890625,0,100000.0,,0,100000.0,-12.30629187559839,-8.06182891601857,-1,100000.0
2023-01-19,1136.9918212890625,0,100000.0,,0,100000.0,-12.630417878473963,-8.975546708509649,-1,100000.0
2023-01-20,1123.4696044921875,0,100000.0,31.902719303304693,0,100000.0,-13.81912172345801,-9.944261711499323,-1,100000.0
2023-01-23,1117.789306640625,0,100000.0,32.47611785746524,0,100000.0,-15.046088704428257,-10.96462711008511,-1,100000.0
2023-01-24,1111.189208984375,0,100000.0,34.7999742064553,0,100000.0,-16.36242573953973,-12.044186835976035,-1,100000.0
2023-01-25,1095.8271484375,0,100000.0,32.055077517498745,0,100000.0,-18.432741058656347,-13.321897680512098,-1,100000.0
2023-01-27,1075.0379638671875,0,100000.0,24.33438608133332,1,100000.0,-21.503119738118357,-14.95814209203335,-1,100000.0
2023-01-30,1085.3406982421875,0,100000.0,16.256273395363323,1,100958.36005064775,-22.84176673355887,-16.534867020338453,-1,100000.0
2023-01-31,1082.626953125,0,100000.0,17.91375969718392,1,100705.92755910805,-23.84674029507778,-17.99724167528632,-1,100000.0
2023-02-01,1076.2109375,0,100000.0,19.004860243701202,1,100109.10997306487,-24.874173929657218,-19.3726281261605,-1,100000.0
2023-02-02,1070.254638671875,0,100000.0,22.05916128370758,1,99555.05523003991,-25.870823277173713,-20.672267156363144,-1,100000.0
2023-02-03,1071.197509765625,0,100000.0,23.024544554803228,1,99642.76107164184,-26.281634920573424,-21.7941407092052,-1,100000.0
2023-02-06,1063.12548828125,0,100000.0,23.570440469744142,1,98891.90186892702,-26.947912025460028,-22.824894972456168,-1,100000.0
2023-02-07,1060.5728759765625,0,100000.0,11.023520289480487,1,98654.45794689981,-27.366452482078785,-23.73320647438069,-1,100000.0
2023-02-08,1081.7530517578125,0,100000.0,26.729887578942282,1,100624.63727945655,-25.692913717881765,-24.125147923080906,-1,100000.0
2023-02-09,1083.6387939453125,0,100000.0,28.12971614086075,1,100800.04896266041,-23.93851030968881,-24.08782040040249,1,100000.0
2023-02-10,1074.716064453125,0,100000.0,29.231999617284202,1,99970.05692590572,-23.002958877464835,-23.870848095814956,1,99176.59560159326
2023-02-13,1068.598876953125,0,100000.0,29.123598113410864,1,99401.03632332207,-22.495815773842423,-23.595841631420452,1,98612.09130974076
2023-02-14,1093.780517578125,0,100000.0,43.61828186026198,0,101743.43179877255,-19.833327015747273,-22.843338708285817,1,100935.8952161438
2023-02-15,1118.548095703125,0,100000.0,57.79179134593327,0,104047.31119256667,-15.545549511361969,-21.38378086890105,1,103221.48874263857
2023-02-16,1117.67431640625,0,100000.0,66.9346260027869,0,103966.03226789208,-12.078725604128522,-19.522769815946543,1,103140.85492796183
2023-02-17,1122.3426513671875,0,100000.0,65.38533378540525,0,104400.28064960915,-8.852500943695532,-17.38871604149634,1,103571.65668469307
2023-02-20,1110.476318359375,0,100000.0,60.760684179942494,0,103296.47469980565,-7.170550911857845,-15.345083015568642,1,102476.61163147846
2023-02-21,1119.537109375,0,100000.0,66.40545122756157,0,104139.3092154381,-5.04826996929296,-13.285720406313507,1,103312.75657813883
2023-02-22,1094.1484375,0,100000.0,57.88675894169524,0,101777.65569915943,-5.353291261080358,-11.699234577266878,1,100969.84748178165
2023-02-23,1088.9051513671875,0,100000.0,55.68350916070672,0,101289.9253762273,-5.94952972807755,-10.549293607429014,1,100485.98826945844
2023-02-24,1096.3560791015625,0,100000.0,60.70850598984005,0,101983.01045645759,-5.754491217961913,-9.590333129535596,1,101173.57234046125
2023-02-27,1089.0660400390625,0,100000.0,58.90983740470487,0,101304.891235786,-6.117646598578403,-8.895795823344159,1,100500.83534514213
2023-02-28,1068.2308349609375,0,100000.0,45.7624486248443,0,99366.8010679583,-7.994520916135798,-8.715540841902488,1,98578.12777925035
2023-03-01,1078.050537109375,0,100000.0,48.33172624552949,0,100280.22947499924,-8.590562777980722,-8.690545229118134,1,99484.30631432161
2023-03-02,1069.8406982421875,0,100000.0,48.538325451414025,0,99516.55050336046,-9.614564912387095,-8.875349165771928,-1,98726.68865490789
2023-03-03,1097.1380615234375,0,100000.0,57.592086847241205,0,102055.75043850082,-8.129710654373412,-8.726221463492225,1,98726.68865490789
2023-03-06,1107.8546142578125,0,100000.0,54.056206758010916,0,103052.60386085113,-6.018835326357021,-8.184744236065185,1,99691.02468732248
2023-03-08,1111.8331298828125,0,100000.0,47.80124596994356,0,103422.68526808704,-3.979050443137794,-7.3436054774797075,1,100049.03402743475
2023-03-09,1085.110595703125,0,100000.0,40.880966673184446,0,100936.95591918482,-4.4672952077344235,-6.768343423530651,1,97644.38924793925
2023-03-10,1068.2999267578125,0,100000.0,35.82972289224497,0,99373.22798488563,-6.13993583423553,-6.642661905671627,1,96131.67016795394
2023-03-13,1050.730224609375,0,100000.0,34.789210732084484,0,97738.89480420103,-8.782010162175993,-7.070531556972501,-1,94550.64898693716
2023-03-14,1046.7977294921875,-1,100000.0,30.98471005784228,0,97373.0942232577,-11.065634842563895,-7.86955221409078,-1,94550.64898693716
2023-03-15,1028.9061279296875,-1,100000.0,32.248771282111235,0,95708.81796847882,-14.155945644519761,-9.126830900176577,-1,94550.64898693716
2023-03-16,1023.7777709960938,-1,100000.0,32.26895235892307,0,95231.77835630123,-16.824907701785833,-10.666446260498429,-1,94550.64898693716
2023-03-17,1022.489990234375,-1,100000.0,29.191520501017536,1,95111.98902745872,-18.82696695041568,-12.298550398481881,-1,94550.64898693716
2023-03-20,1012.4403076171875,-1,100000.0,28.744595722087382,1,94177.16784393175,-20.98266364230426,-14.035373047246358,-1,94550.64898693716
2023-03-21,1043.923095703125,-1,100000.0,43.633303556070246,0,97105.69587215931,-19.921033640292535,-15.212505165855593,-1,94550.64898693716
2023-03-22,1047.0966796875,-1,100000.0,41.60010547321166,0,97400.90256169415,-18.609088521554895,-15.891821836995454,-1,94550.64898693716
2023-03-23,1033.8504638671875,-1,100000.0,40.493252489607556,0,96168.7399529745,-18.425820092009644,-16.39862148799829,-1,94550.64898693716
2023-03-24,1013.3831787109375,-1,100000.0,27.048144971479104,1,94264.87368553369,-19.704970764038308,-17.059891343206296,-1,94550.64898693716
2023-03-27,1029.135986328125,-1,100000.0,29.00769620905875,1,95730.19938998793,-19.22596204173192,-17.49310548291142,-1,94550.64898693716
2023-03-28,1033.9425048828125,-1,100000.0,29.31983089761424,1,96177.30160555968,-18.248145043633713,-17.644113395055882,-1,94550.64898693716
2023-03-29,1027.8253173828125,-1,100000.0,32.92200868308909,0,95608.28100297603,-17.762073805310138,-17.667705477106733,-1,94550.64898693716
2023-03-31,1072.140380859375,-1,100000.0,50.98361670557029,0,99730.46691324378,-13.643727186780552,-16.862909819041498,1,94550.64898693716
2023-04-03,1072.3243408203125,-1,100000.0,56.07137978634389,0,99747.57886343721,-10.246943404019703,-15.53971653603714,1,94566.87217375559
2023-04-05,1069.7486572265625,-1,100000.0,56.502470754894475,0,99507.98885077529,-7.6743389218252105,-13.966641013194755,1,94339.72602785735
2023-04-06,1076.9237060546875,-1,100000.0,64.48389524582413,0,100175.41168320387,-4.998940188268762,-12.173100848209558,1,94972.4841398766
2023-04-10,1069.2886962890625,-1,100000.0,63.52329580222517,0,99465.20329780324,-3.4549226981162064,-10.429465218190888,1,94299.16267820122
2023-04-11,1074.5780029296875,-1,100000.0,65.11811977718838,0,99957.21444702796,-1.7839110556035394,-8.700354385673418,1,94765.61966880644
2023-04-12,1079.3154296875,-1,100000.0,70.02754220713466,-1,100397.88974567236,-0.07647004383102285,-6.975577517304939,1,95183.40709895642
2023-04-13,1083.3858642578125,-1,100000.0,64.1397463340556,0,100397.88974567236,1.5868471253470489,-5.2630925887745414,1,95542.37336601692
2023-04-17,1088.882080078125,-1,100000.0,64.72684187701776,0,100397.88974567236,3.3103766865758644,-3.5483987337044605,1,96027.0774048353
2023-04-18,1076.4178466796875,-1,100000.0,65.08559602276563,0,100397.88974567236,3.6286974485001338,-2.112979497263542,1,94927.873067431
2023-04-19,1081.776123046875,-1,100000.0,77.14497507279519,-1,100397.88974567236,4.264182229173684,-0.8375471519760967,1,95400.41240744061
2023-04-20,1079.0394287109375,-1,100000.0,72.08878111299504,-1,100397.88974567236,4.495162697442311,0.2289948179075847,1,95159.0669361187
2023-04-21,1080.396240234375,-1,100000.0,71.20955237722616,-1,100397.88974567236,4.733139052543038,1.1298236648346753,1,95278.7223584722
2023-04-24,1084.5357666015625,-1,100000.0,76.36868895558713,-1,100397.88974567236,5.195867484804467,1.9430324288286338,1,95643.78174015727
2023-04-25,1092.8375244140625,-1,100000.0,64.46940151392315,0,100397.88974567236,6.161440327205355,2.786714008503978,1,96375.90283448176
2023-04-26,1086.4215087890625,-1,100000.0,59.06541821310374,0,100397.88974567236,6.335908511967318,3.4965529091966463,1,95810.08286157128
2023-04-27,1093.2974853515625,-1,100000.0,64.34981314417652,0,100397.88974567236,6.948906974963165,4.1870237223499505,1,96416.4661841379
2023-04-28,1113.2818603515625,1,100000.0,69.16369625921683,0,100397.88974567236,8.944181759647108,5.138455329809382,1,98178.86191102375
2023-05-02,1122.733642578125,1,100849.00172752098,77.64045894345026,-1,100397.88974567236,11.159491563331812,6.3426625765138684,1,99012.40214470877
2023-05-03,1113.097900390625,1,99983.47588625226,69.06448654481215,0,100397.88974567236,11.999296259941275,7.4739893131993504,1,98162.63872420533
2023-05-04,1125.93017578125,1,101136.12876308731,71.35937318214769,-1,100397.88974567236,13.544176081779824,8.688026666915444,1,99294.30020046665
2023-05-05,1123.0555419921875,1,100877.91618535297,68.37847069841514,0,100397.88974567236,14.370886909656747,9.824598715463706,1,99040.79003033596
2023-05-08,1136.9228515625,1,102123.5405024449,70.6546291981039,-1,100397.88974567236,15.96104815750914,11.051888603872793,1,100263.72980854378
2023-05-09,1140.4412841796875,1,102439.58199584321,79.82006076815313,-1,100397.88974567236,17.305681387738787,12.302647160645993,1,100574.01574992885
2023-05-10,1148.2833251953125,1,103143.98950439172,80.27640857789065,-1,100397.88974567236,18.787529140444576,13.59962355660571,1,101265.59502503758
2023-05-11,1140.7862548828125,1,102470.56882096008,76.94162036405781,-1,100397.88974567236,19.13636118227464,14.706971081739496,1,100604.43826217095
2023-05-12,1142.64892578125,1,102637.88232572241,77.04296125977838,-1,100397.88974567236,19.340173580936607,15.633611581578919,1,100768.70475697005
2023-05-15,1144.9027099609375,1,102840.3273901714,76.66057827500842,-1,100397.88974567236,19.459243872502384,16.39873803976361,1,100967.4630172411
2023-05-16,1128.597900390625,1,101375.75582469528,64.75057124356374,0,100397.88974567236,18.030106227835176,16.725011677377925,1,99529.56332238419
2023-05-17,1121.9287109375,1,100776.69913558161,64.615614978851,0,100397.88974567236,16.172925082871416,16.614594358476623,-1,98941.41628281053
2023-05-18,1119.51416015625,1,100559.81328957605,61.202877307557884,0,100397.88974567236,14.340948054177488,16.159865097616798,-1,98941.41628281053
2023-05-19,1123.1475830078125,1,100886.18372467998,54.90062916268487,0,100397.88974567236,13.032054506417353,15.53430297937691,-1,98941.41628281053
2023-05-22,1129.1497802734375,1,101425.32816593851,53.30020632175898,0,100397.88974567236,12.336862426012203,14.89481486870397,-1,98941.41628281053
2023-05-23,1128.9427490234375,1,101406.73168490588,59.02537794348126,0,100397.88974567236,11.635089927962554,14.242869880555686,-1,98941.41628281053
2023-05-24,1122.3656005859375,1,100815.94253511923,47.81379567475784,0,100397.88974567236,10.428001742989409,13.479896253042432,-1,98941.41628281053
2023-05-25,1122.2276611328125,1,100803.55219103499,49.47461219531845,0,100397.88974567236,9.352436037784173,12.65440420999078,-1,98941.41628281053
2023-05-26,1152.836669921875,1,103552.99147314065,58.329286867984706,0,100397.88974567236,10.84492017741718,12.292507403476062,-1,98941.41628281053
2023-05-29,1159.32177734375,1,104135.5130836003,59.58439865209034,0,100397.88974567236,12.407987030698905,12.31560332892063,1,98941.41628281053
2023-05-30,1159.0228271484375,1,104108.66002814691,55.903882236412976,0,100397.88974567236,13.467362617767094,12.545955186689925,1,98915.90261067887
2023-05-31,1136.0028076171875,1,102040.89800389364,47.75374032674119,0,100397.88974567236,12.3075286835724,12.49826988606642,-1,96951.27693056926
2023-06-01,1132.9442138671875,1,101766.16131241157,45.493380738214626,0,100397.88974567236,11.01457976152733,12.201531861158603,-1,96951.27693056926
2023-06-02,1129.24169921875,1,101433.58474035925,42.82398214595348,0,100397.88974567236,9.580706021456763,11.677366693218236,-1,96951.27693056926
2023-06-05,1139.3834228515625,1,102344.56011811398,55.237856981102105,0,100397.88974567236,9.157145221210385,11.173322398816666,-1,96951.27693056926
2023-06-06,1140.3492431640625,1,102431.31445651621,59.470318373802094,0,100397.88974567236,8.797986155106173,10.698255150074568,-1,96951.27693056926
2023-06-07,1148.9962158203125,1,103208.02455700409,64.24440378833185,0,100397.88974567236,9.106118766433838,10.379827873346422,-1,96951.27693056926
2023-06-08,1149.68603515625,1,103269.98724233155,63.19758343076585,0,100397.88974567236,9.298788095366945,10.163619917750527,-1,96951.27693056926
2023-06-09,1141.545166015625,1,102538.73764323595,56.035840683241254,0,100397.88974567236,8.69435669120071,9.869767272440566,-1,96951.27693056926
2023-06-12,1142.5570068359375,1,102629.62575130168,56.57780503916203,0,100397.88974567236,8.20243498196487,9.536300814345427,-1,96951.27693056926
2023-06-13,1159.436767578125,1,104145.84202530592,66.28944203724902,0,100397.88974567236,9.070084813342419,9.443057614144825,-1,96951.27693056926
2023-06-14,1173.69482421875,1,105426.56500736569,70.11865463037455,-1,100397.88974567236,10.783899486598784,9.711225988635617,1,96951.27693056926
2023-06-15,1174.016845703125,1,105455.49043010394,60.84804681638573,0,100397.88974567236,12.029426662557626,10.174866123420019,1,96977.87702581123
2023-06-16,1185.4462890625,1,106482.13460409288,62.73541341356591,0,100397.88974567236,13.779930026662896,10.895878904068594,1,97921.98882168169
2023-06-19,1173.671875,1,105424.50360498707,56.42266206109624,0,100397.88974567236,14.055101283849126,11.527723380024701,1,96949.38124523738
2023-06-20,1176.1094970703125,1,105643.46181827752,71.45672788067188,-1,100397.88974567236,14.304973388007284,12.083173381621219,1,97150.73731115361
2023-06-21,1179.421142578125,1,105940.92876045573,74.7976078979488,-1,100397.88974567236,14.601899340457976,12.586918573388571,1,97424.29075460303
2023-06-22,1166.1748046875,1,104751.08292155543,67.88418160581458,0,100397.88974567236,13.611442299502642,12.791823318611387,1,96330.09714767057
2023-06-23,1156.6312255859375,1,103893.83558451997,58.400596449839234,0,100397.88974567236,11.91901588837868,12.617261832564846,-1,95541.76430229038
2023-06-26,1147.80029296875,1,103100.60137028433,53.37080451112042,0,100397.88974567236,9.752749677854808,12.04435940162284,-1,95541.76430229038
2023-06-27,1148.21435546875,1,103137.7943323496,49.61782322131168,0,100397.88974567236,7.9774207416569425,11.230971669629662,-1,95541.76430229038
2023-06-28,1163.415283203125,1,104503.21025043298,55.87717043010416,0,100397.88974567236,7.708192354595667,10.526415806622865,-1,95541.76430229038
2023-06-30,1172.958984375,1,105360.4685523747,63.28792870199209,0,100397.88974567236,8.170736676396928,10.055279980577676,-1,95541.76430229038
2023-07-03,1203.06201171875,1,108064.45829799435,70.53864226843852,-1,100397.88974567236,10.841396241680968,10.212503232798335,1,95541.76430229038
2023-07-04,1190.6666259765625,1,106951.04882069692,60.93397007801462,0,100397.88974567236,11.821438961638933,10.534290378566455,1,94557.37861686412
2023-07-05,1188.7119140625,1,106775.46777660758,55.75332984136485,0,100397.88974567236,12.29863001163335,10.887158305179835,1,94402.14420404659
2023-07-06,1213.66357421875,1,109016.73847766532,62.77793602258581,0,100397.88974567236,14.522788140057628,11.614284272155395,1,96383.69262829906
2023-07-07,1211.294921875,1,108803.97543641698,58.84762589206625,0,100397.88974567236,15.910907989435145,12.473609015611345,1,96195.58493165812
2023-07-10,1257.95556640625,1,112995.24506839635,73.28756219442437,-1,100397.88974567236,20.539362044979498,14.086759621484976,1,99901.16308022644
2023-07-11,1271.5927734375,1,114220.20053717076,74.84441254101303,-1,100397.88974567236,25.01944527566252,16.273296752320483,1,100984.16861712291
2023-07-12,1272.99560546875,1,114346.20924001686,74.59202673240264,-1,100397.88974567236,28.356266940078967,18.68989078987218,1,101095.5752162673
2023-07-13,1261.6121826171875,1,113323.69883569144,75.32963519011571,-1,100397.88974567236,29.739358250935084,20.899784282084763,1,100191.55506398645
2023-07-14,1260.5543212890625,1,113228.6769579622,78.88276556505643,-1,100397.88974567236,30.399678935533757,22.799763212774565,1,100107.54448374061
2023-07-17,1286.3109130859375,1,115542.2502509593,85.18521963958902,-1,100397.88974567236,32.62524600913798,24.76485977204725,1,102153.01695208966
2023-07-18,1297.234375,1,116523.44488846224,85.93613300913142,-1,100397.88974567236,34.86851351568612,26.785590520775024,1,103020.50907917247
2023-07-19,1307.0771484375,1,117407.56721076359,85.56304830790579,-1,100397.88974567236,37.01387581337258,28.831247579294537,1,103802.17779673339
2023-07-20,1305.4942626953125,1,117265.38527117037,84.15485890774062,-1,100397.88974567236,38.14663458211635,30.6943249798589,1,103676.47214313912
2023-07-21,1265.081298828125,1,113635.31050695696,65.17617750376371,0,100397.88974567236,35.375577986089866,31.630575581105095,1,100467.05664257018
2023-07-24,1239.4931640625,1,111336.86878461142,61.223263213717516,0,100397.88974567236,30.760163030850208,31.45649307105412,-1,98434.96227262169
2023-07-25,1238.6959228515625,1,111265.25698176702,61.5507824378707,0,100397.88974567236,26.72995642480896,30.511185741805086,-1,98434.96227262169
2023-07-26,1258.8275146484375,1,113073.56739387753,60.674719429516784,0,100397.88974567236,24.873711205298832,29.383690834503838,-1,98434.96227262169
2023-07-27,1247.1173095703125,1,112021.70393546934,58.10872870214251,0,100397.88974567236,22.201779517623436,27.94730857112776,-1,98434.96227262169
2023-07-28,1259.6497802734375,1,113147.42700250713,50.45358136129966,0,100397.88974567236,20.855115265504764,26.528869910003163,-1,98434.96227262169
2023-07-31,1270.3135986328125,1,114105.2992843754,49.65199388672914,0,100397.88974567236,20.413046273105238,25.30570518262358,-1,98434.96227262169
2023-08-01,1252.3494873046875,1,112491.6817479815,44.84742394045503,0,100397.88974567236,18.401034093077442,23.924770964714355,-1,98434.96227262169
2023-08-02,1238.969970703125,1,111289.87319634146,44.405009896844774,0,100397.88974567236,15.547661014092228,22.24934897458993,-1,98434.96227262169
2023-08-03,1233.7625732421875,1,110822.12125980195,43.51267918032244,0,100397.88974567236,12.719526057729126,20.34338439121777,-1,98434.96227262169
2023-08-04,1250.53076171875,1,112328.31560947609,40.94195217554957,0,100397.88974567236,11.69643221189699,18.613993955353614,-1,98434.96227262169
2023-08-07,1257.6566162109375,1,112968.39201294298,39.784125647745945,0,100397.88974567236,11.330014517680183,17.15719806781893,-1,98434.96227262169
2023-08-08,1250.0821533203125,1,112288.01957893664,35.11404626890702,0,100397.88974567236,10.309587495121832,15.787675953279509,-1,98434.96227262169
2023-08-09,1258.3292236328125,1,113028.80864648649,38.095830817199264,0,100397.88974567236,10.050505408415347,14.640241844306678,-1,98434.96227262169
2023-08-10,1263.9351806640625,1,113532.36100199507,49.64906733167828,0,100397.88974567236,10.180184044874068,13.748230284420156,-1,98434.96227262169
2023-08-11,1269.26708984375,1,114011.29714292921,60.4075672778725,0,100397.88974567236,10.591108107204263,13.116805848976979,-1,98434.96227262169
2023-08-14,1284.2662353515625,1,115358.58807094952,64.49053041477373,0,100397.88974567236,11.98887380216388,12.89121943961436,-1,98434.96227262169
2023-08-16,1283.2197265625,1,115264.58592950333,58.827739337803585,0,100397.88974567236,12.863881850059897,12.885751921703468,-1,98434.96227262169
2023-08-17,1264.7076416015625,1,113601.74692886682,56.06736842105262,0,100397.88974567236,11.926085003520939,12.693818538066964,-1,98434.96227262169
2023-08-18,1274.0758056640625,1,114443.23769559337,55.08695929158437,0,100397.88974567236,11.802752014739553,12.515605233401484,-1,98434.96227262169
2023-08-21,1255.738037109375,1,112796.05658110934,45.12419116283894,0,100397.88974567236,10.108777372275199,12.034239661176228,-1,98434.96227262169
2023-08-22,1255.43896484375,1,112769.1925607497,51.172004878993,0,100397.88974567236,8.642531903316922,11.355898109604368,-1,98434.96227262169
2023-08-23,1256.8343505859375,1,112894.53240431337,57.45473772791595,0,100397.88974567236,7.506586516434936,10.586035790970481,-1,98434.96227262169
2023-08-24,1235.7060546875,1,110996.69353251452,50.715884533998334,0,100397.88974567236,4.845607563117255,9.437950145399835,-1,98434.96227262169
2023-08-25,1230.00048828125,1,110484.19381349024,41.76663181104336,0,100397.88974567236,2.250429495340086,8.000446015387887,-1,98434.96227262169
2023-08-28,1217.741943359375,1,109383.07599612062,34.62572514841504,0,100397.88974567236,-0.7863652181433736,6.243083768681635,-1,98434.96227262169
2023-08-29,1206.0816650390625,1,108335.69718437655,33.56912462142415,0,100397.88974567236,-4.086823560890025,4.177102302767303,-1,98434.96227262169
2023-08-30,1204.935546875,1,108232.74767941465,28.94484756470328,1,100397.88974567238,-6.7175074885410595,1.998180344505631,-1,98434.96227262169
2023-08-31,1199.42919921875,1,107738.14268742177,24.542845223034888,1,99939.08870330353,-9.141284652429704,-0.22971265488143588,-1,98434.96227262169
2023-09-01,1202.2445068359375,1,107991.02632070926,23.01363156916888,1,100173.66634895735,-10.711498236983516,-2.326069771301852,-1,98434.96227262169
2023-09-04,1201.2728271484375,1,107903.7456668061,12.327479780752213,1,100092.70385234353,-11.897167108933218,-4.240289238828125,-1,98434.96227262169
2023-09-05,1207.701171875,1,108481.16859585055,17.317311288758162,1,100628.32772598426,-12.177727277043232,-5.8277768464711475,-1,98434.96227262169
2023-09-06,1210.242431640625,-1,108709.43601456359,22.647628225641327,1,100840.07109966598,-12.056040278993805,-7.07342953297568,-1,98434.96227262169
2023-09-07,1211.8868408203125,-1,108709.43601456359,16.142169763670694,1,100977.08690266656,-11.692132750187966,-7.9971701764181375,-1,98434.96227262169
2023-09-08,1219.95947265625,-1,108709.43601456359,28.069668745735115,1,101649.71640813997,-10.629805705092167,-8.523697282152945,-1,98434.96227262169
2023-09-11,1233.1148681640625,-1,108709.43601456359,38.17949834985204,0,102745.85300331263,-8.626927544293267,-8.54434333458101,-1,98434.96227262169
2023-09-12,1215.30029296875,-1,108709.43601456359,31.265437910828766,0,101261.5032711103,-8.38051415703353,-8.511577499071514,1,98434.96227262169
2023-09-13,1221.379638671875,-1,108709.43601456359,42.522732137942285,0,101768.04777567831,-7.60698875016169,-8.33065974928955,1,98927.36745707822
2023-09-14,1222.5008544921875,-1,108709.43601456359,45.88905527965023,0,101861.4699529896,-6.824819277628421,-8.029491654957326,1,99018.18191471511
2023-09-15,1224.7681884765625,-1,108709.43601456359,54.3252142731545,0,102050.38922586711,-5.9533627715893545,-7.614265878283732,1,99201.82783046339
2023-09-18,1214.1043701171875,-1,108709.43601456359,54.999954353601346,0,101161.85633903423,-6.053428081605034,-7.302098318947992,1,98338.09681356141
2023-09-20,1187.046142578125,-1,108709.43601456359,41.57272357153208,0,98907.30508753734,-8.221332979102499,-7.485945250978894,-1,96146.47748920062
2023-09-21,1178.4005126953125,-1,108709.43601456359,40.37845657188496,0,98186.93211986478,-10.515823439541464,-8.091920888691408,-1,96146.47748920062
2023-09-22,1173.4921875,-1,108709.43601456359,37.091787132505665,0,97777.95962911793,-12.585210015983876,-8.990578714149901,-1,96146.47748920062
2023-09-25,1166.2667236328125,-1,108709.43601456359,35.119739474798465,0,97175.91802898371,-14.639493368516696,-10.12036164502326,-1,96146.47748920062
2023-09-26,1167.2882080078125,-1,108709.43601456359,31.993725654003754,0,97261.03036210738,-16.000656861315974,-11.296420688281804,-1,96146.47748920062
2023-09-27,1180.443603515625,-1,108709.43601456359,37.87021118012422,0,98357.16695728005,-15.835318567457307,-12.204200264116906,-1,96146.47748920062
2023-09-28,1163.1025390625,-1,108709.43601456359,32.3921408977677,0,96912.27118542508,-16.908653324171382,-13.145090876127803,-1,96146.47748920062
2023-09-29,1168.5340576171875,-1,108709.43601456359,31.0781251543971,0,97364.83730186123,-17.12361037621804,-13.94079477614585,-1,96146.47748920062
2023-10-03,1155.1544189453125,-1,108709.43601456359,21.361872868906715,1,96250.01627122631,-18.16420476545045,-14.78547677400677,-1,96146.47748920062
2023-10-04,1153.1611328125,-1,108709.43601456359,24.171478440883675,1,96083.9312703209,-18.93149436572321,-15.614680292350059,-1,96146.47748920062
2023-10-05,1153.1363525390625,-1,108709.43601456359,20.13087833166459,1,96081.8665232339,-19.318880434864013,-16.35552032085285,-1,96146.47748920062
2023-10-06,1155.0797119140625,-1,108709.43601456359,20.701574213370733,1,96243.79151646153,-19.247204038209475,-16.933857064324176,-1,96146.47748920062
2023-10-09,1145.238037109375,-1,108709.43601456359,17.574095549041175,1,95423.76144554498,-19.75679682823352,-17.498445017106043,-1,96146.47748920062
2023-10-10,1150.2958984375,-1,108709.43601456359,22.73787904549016,1,95845.1936169893,-19.527425639504827,-17.9042411415858,-1,96146.47748920062
2023-10-11,1168.5589599609375,-1,108709.43601456359,41.459508414341315,0,97366.91222011615,-17.66830170185608,-17.857053253639858,1,96146.47748920062
2023-10-12,1170.7265625,-1,108709.43601456359,46.22918448654167,0,97547.52164880605,-15.837460788025282,-17.453134760516942,1,96324.82308909614
2023-10-13,1170.6767578125,-1,108709.43601456359,48.54718987316257,0,97543.37181229619,-14.226530408522194,-16.807813890117995,1,96320.72526825042
2023-10-16,1168.0606689453125,-1,108709.43601456359,50.971942244303,0,97325.39351268178,-13.010970614458984,-16.048445234986193,1,96105.47919338639
2023-10-17,1173.6417236328125,-1,108709.43601456359,53.280209336445814,0,97790.4193098154,-11.465123443304492,-15.131780876649854,1,96564.67617639156
2023-10-18,1158.069580078125,-1,108709.43601456359,38.72992097515625,0,96492.91393223568,-11.365555220200804,-14.378535745360043,1,95283.43423564309
2023-10-19,1149.1746826171875,-1,108709.43601456359,42.331891968907385,0,95751.771439678,-11.867588401602234,-13.876346276608482,1,94551.5815112197
2023-10-20,1145.6617431640625,-1,108709.43601456359,37.13566969766043,0,95459.06556938248,-12.405910555353103,-13.582259132357407,1,94262.54453009715
2023-10-23,1127.7723388671875,-1,108709.43601456359,35.342747890088575,0,93968.48091124746,-14.113370015103783,-13.688481308906683,-1,92790.64343955895
2023-10-25,1125.15625,-1,108709.43601456359,35.10865896403999,0,93750.50261163304,-15.498977877361085,-14.050580622597565,-1,92790.64343955895
2023-10-26,1109.484375,-1,108709.43601456359,30.099913075513,0,92444.68738986568,-17.658119616994327,-14.77208842147692,-1,92790.64343955895
2023-10-27,1129.0679931640625,-1,108709.43601456359,39.784753449218115,0,94076.43768751116,-17.586296800291848,-15.334930097239907,-1,92790.64343955895
2023-10-30,1152.3389892578125,-1,108709.43601456359,52.52258667150042,0,96015.42845440457,-15.47323596718843,-15.362591271229611,-1,92790.64343955895
2023-10-31,1140.08056640625,-1,108709.43601456359,46.54766128433403,0,94994.02960108094,-14.619250687620024,-15.213923154507695,1,92790.64343955893
2023-11-01,1144.814453125,-1,108709.43601456359,41.16771510744588,0,95388.46749287538,-13.405940765236437,-14.852326676653444,1,93175.93234592758
2023-11-02,1156.1759033203125,-1,108709.43601456359,44.93406149726939,0,96335.12860434997,-11.396241058155738,-14.161109552953903,1,94100.63565646
2023-11-03,1155.9267578125,-1,108709.43601456359,44.87177746013099,0,96314.3692506328,-9.711693167953399,-13.271226275953802,1,94080.3578158747
2023-11-06,1165.544189453125,-1,108709.43601456359,49.165697394418125,0,97115.71488608708,-7.514013599819464,-12.119783740726934,1,94863.11624230994
2023-11-07,1157.9698486328125,-1,108709.43601456359,44.87199151296701,0,96484.60408804804,-6.310776013872783,-10.957982195356104,1,94246.64405687242
2023-11-08,1163.9993896484375,-1,108709.43601456359,52.06953875150283,0,96986.9987561062,-4.815161801256409,-9.729418116536165,1,94737.38568248284
2023-11-09,1151.3673095703125,-1,108709.43601456359,50.745785287577,0,95934.46595779074,-4.5961979451681145,-8.702774082262554,1,93709.2663784901
2023-11-10,1153.534912109375,-1,108709.43601456359,52.702660799035876,0,96115.07538648065,-4.199352579644483,-7.80208978173894,1,93885.68657215661
2023-11-13,1153.385498046875,-1,108709.43601456359,60.011718820827056,0,96102.62587695108,-3.85249704663147,-7.012171234717446,1,93873.52582895405
2023-11-15,1174.2396240234375,-1,108709.43601456359,66.79167087755462,0,97840.2376902695,-1.873264034925569,-5.98438979475907,1,95570.83374275752
2023-11-16,1176.357421875,-1,108709.43601456359,75.21610888021078,-1,98016.69728244953,-0.13229402295246473,-4.813970640397749,1,95743.20035535652
2023-11-17,1173.7911376953125,-1,108709.43601456359,69.34684618081812,0,98016.69728244953,1.0285036190791743,-3.6454757885023645,1,95534.3316426544
2023-11-20,1170.70166015625,-1,108709.43601456359,59.623940372988706,0,98016.69728244953,1.6797855734630502,-2.5804235161092817,1,95282.88045824792
2023-11-21,1185.4266357421875,-1,108709.43601456359,73.1670597744131,-1,98016.69728244953,3.345548284482902,-1.3952291559908452,1,96481.33958430591
2023-11-22,1190.0609130859375,-1,108709.43601456359,73.13972144359889,-1,98016.69728244953,4.982193065159436,-0.11974471176078905,1,96858.5213285395
2023-11-23,1193.6986083984375,-1,108709.43601456359,70.83571705515683,-1,98016.69728244953,6.497874008679219,1.2037790323272124,1,97154.59171043185
2023-11-24,1192.9012451171875,-1,108709.43601456359,70.40705641711122,-1,98016.69728244953,7.547716149870666,2.4725664558359033,1,97089.69467236068
2023-11-28,1193.150390625,1,108709.43601456359,66.99384419316249,0,98016.69728244953,8.304103040032714,3.638873772675266,1,97109.972512946
2023-11-29,1196.289794921875,1,108995.4710971622,74.95139550152052,-1,98016.69728244953,9.052517008542736,4.72160241984876,1,97365.48721366771
2023-11-30,1184.7041015625,1,107939.88397182454,62.571878803331884,0,98016.69728244953,8.611503787014499,5.4995826932819085,1,96422.53285308374
2023-12-01,1193.1007080078125,1,108704.90936868842,76.71455094424545,-1,98016.69728244953,8.837658571630982,6.167197868951724,1,97105.92886712619
2023-12-04,1206.0068359375,1,109880.80295208925,79.52891133563968,-1,98016.69728244953,9.943679977654483,6.922494290692276,1,98156.352802238
2023-12-05,1214.752197265625,1,110677.60384591961,81.48807913171582,-1,98016.69728244953,11.394538336439155,7.816903099841651,1,98868.13381900081
2023-12-06,1226.3876953125,1,111737.72873911247,79.55378452981343,-1,98016.69728244953,13.329586315449205,8.919439742963164,1,99815.14176065232
2023-12-07,1224.3695068359375,1,111553.84904315622,77.24055966722489,-1,98016.69728244953,14.532750337164543,10.04210186180344,1,99650.88231018835
2023-12-08,1223.7216796875,1,111494.8246950984,78.95946407103806,-1,98016.69728244953,15.258106304306693,11.085302750304091,1,99598.15595056745
2023-12-11,1225.515625,1,111658.27331372618,82.27688326624497,-1,98016.69728244953,15.79563033421232,12.027368267085738,1,99744.16435097987
2023-12-12,1207.92529296875,1,110055.59599035504,62.81573637168966,0,98016.69728244953,14.63354284136949,12.54860318194249,1,98312.49515531922
2023-12-13,1212.8585205078125,1,110505.06856960138,62.94194771607796,0,98016.69728244953,13.949845232242751,12.828851592002543,1,98714.00832120565
2023-12-14,1227.907470703125,1,111876.19739057652,67.19251340179116,0,98016.69728244953,14.455698172498842,13.154220908101804,1,99938.83559469794
2023-12-15,1243.579345703125,1,113304.08167568187,72.15684390860912,-1,98016.69728244953,15.937462462756912,13.710869219032826,1,101214.36243727738
2023-12-18,1256.236328125,1,114457.27529782662,74.88204140587385,-1,98016.69728244953,17.926439208575403,14.553983216941342,1,102244.50853180389
2023-12-19,1274.7236328125,1,116141.67693051165,77.59463336282349,-1,98016.69728244953,20.755235161612063,15.794233605875487,1,103749.18192767074
2023-12-20,1259.3009033203125,1,114736.49260666237,75.55473406804425,-1,98016.69728244953,21.50469818342799,16.936326521385986,1,102493.93292567662
2023-12-21,1276.941162109375,1,116343.71881986875,77.01069776551121,-1,98016.69728244953,23.254016657386273,18.199864548586046,1,103929.6656376525
2023-12-22,1278.1868896484375,1,116457.21862614913,75.14314993642978,-1,98016.69728244953,24.458936557109155,19.45167895029067,1,104031.05484057906
2023-12-26,1284.6649169921875,1,117047.43986276718,74.74420867353155,-1,98016.69728244953,25.64099351386244,20.689541863005026,1,104558.2985662926
2023-12-27,1289.050048828125,1,117446.97475164615,73.37789736004139,-1,98016.69728244953,26.62471254650609,21.87657599970524,1,104915.20246994086
2023-12-28,1298.368408203125,1,118295.98221977148,76.18120081299199,-1,98016.69728244953,27.835361966138635,23.068333192991922,1,105673.61953947558
2023-12-29,1288.1031494140625,1,117360.70155249702,71.32710869925636,-1,98016.69728244953,27.647783323519207,23.98422321909738,1,104838.13475341944
2024-01-01,1290.7442626953125,1,117601.33671258348,71.4871423688602,-1,98016.69728244953,27.396432645059576,24.66666510428982,1,105053.09377297053
2024-01-02,1301.4329833984375,1,118575.19952860723,82.26992123091752,-1,98016.69728244953,27.739956897283946,25.281323462888647,1,105923.04393334831
2024-01-03,1287.281005859375,1,117285.79501694598,74.14708568631194,-1,98016.69728244953,26.564042283833487,25.53786722707762,1,104771.22086006221
2024-01-04,1293.933349609375,1,117891.89844105726,72.65725665244106,-1,98016.69728244953,25.870688828465518,25.6044315473552,1,105312.65211951206
2024-01-05,1299.439697265625,1,118393.5887165786,70.60654967010284,-1,98016.69728244953,25.47189332657058,25.57792390319828,-1,105760.8112734181
2024-01-08,1289.2991943359375,1,117469.67471290223,62.42742474977769,0,98016.69728244953,24.06023971301306,25.274387065161235,-1,105760.8112734181
2024-01-09,1285.8857421875,1,117158.67078511995,54.731714283940114,0,98016.69728244953,22.407754349090965,24.701060521947184,-1,105760.8112734181
2024-01-10,1320.568115234375,1,120318.62550935007,72.32613981411379,-1,98016.69728244953,23.62439808936915,24.48572803543158,-1,105760.8112734181
2024-01-11,1355.3001708984375,1,123483.10687945536,75.3915431272977,-1,98016.69728244953,27.079033402225832,25.004389108790434,1,105760.8112734181
2024-01-12,1366.0885009765625,1,124466.04523118954,76.82478896744921,-1,98016.69728244953,30.337671064944516,26.071045500021253,1,106602.67831206207
2024-01-15,1389.409423828125,1,126590.84390741048,78.9850876950007,-1,98016.69728244953,34.40536483369556,27.737909366756114,1,108422.52588043582
2024-01-16,1369.975341796875,1,124820.18019755636,70.67206829197714,-1,98016.69728244953,35.6499233242846,29.320312158261814,1,106905.98782774994
2024-01-17,1356.9693603515625,1,123635.18883448504,64.69259223212423,0,98016.69728244953,35.18122364094029,30.492494454797512,1,105891.06642613052
2024-01-18,1363.3228759765625,1,124214.06565146506,69.23662863878843,0,98016.69728244953,34.91991631905012,31.377978827648036,1,106386.86284183738
2024-01-19,1362.8245849609375,1,124168.66572895291,68.63803423821302,0,98016.69728244953,34.27749088533642,31.957881239185717,1,106347.97871624341
2024-01-23,1324.0810546875,1,120638.69385086274,55.114192986063756,0,98016.69728244953,30.292887450951866,31.624882481538947,-1,103324.62840514687
2024-01-24,1339.329345703125,1,122027.98486523873,61.695203863767524,0,98016.69728244953,28.04221695003457,30.908349375238075,-1,103324.62840514687
2024-01-25,1348.4981689453125,1,122863.36790781839,62.12354875158598,0,98016.69728244953,26.69071779114256,30.064823058418973,-1,103324.62840514687
2024-01-29,1443.1519775390625,1,131487.39571664055,72.87072202720108,-1,98016.69728244953,32.8784143745188,30.62754132163894,1,103324.62840514687
2024-01-30,1402.8636474609375,1,127816.67518117867,66.49055611135415,0,98016.69728244953,34.137758137319,31.32958468477495,1,100440.12504086173
2024-01-31,1421.7994384765625,1,129541.93896852064,68.88455438995226,0,98016.69728244953,36.245936629223024,32.312855073664565,1,101795.86137403945
2024-02-01,1421.8243408203125,1,129544.20785244825,65.56846049059106,0,98016.69728244953,37.486570829740685,33.34759822487979,1,101797.64429465657
2024-02-02,1452.769287109375,1,132363.64091387717,65.1627600136271,0,98016.69728244953,40.499923017539004,34.77806318341163,1,104013.19409543842
2024-02-05,1434.157470703125,1,130667.89486155412,60.33750612236877,0,98016.69728244953,40.914570596454496,36.005364666020206,1,102680.65320989711
2024-02-06,1422.970458984375,1,129648.63212301821,55.29188397629265,0,98016.69728244953,39.88076282919201,36.78044429865457,1,101879.70234207863
2024-02-07,1437.27197265625,1,130951.66106022512,60.78587275935875,0,98016.69728244953,39.757179340584116,37.37579130704048,1,102903.64064433385
2024-02-08,1445.219970703125,1,131675.813180452,64.3773454326335,0,98016.69728244953,39.84130973540755,37.8688949927139,1,103472.68947463001
2024-02-09,1455.8089599609375,1,132640.5893387853,64.86226171999442,0,98016.69728244953,40.29789753840919,38.35469550185296,1,104230.82402821687
2024-02-12,1447.4373779296875,1,131877.84394782907,63.261472646639035,0,98016.69728244953,39.52856921589296,38.58947024466096,1,103631.44806781584
2024-02-13,1460.144287109375,1,133035.58645980907,73.2205101625017,-1,98016.69728244953,39.48900765314579,38.769377726357924,1,104541.21827192702
2024-02-14,1476.3642578125,1,134513.40843528177,73.30903159309287,-1,98016.69728244953,40.30189574237488,39.07588132956132,1,105702.51138015575
2024-02-15,1465.6256103515625,1,133534.99672942277,69.8170280860401,0,98016.69728244953,39.6228487699027,39.1852748176296,1,104933.66182325229
2024-02-16,1455.634521484375,1,132624.69602931204,52.95991978515203,0,98016.69728244953,37.84227953688037,38.91667576147975,-1,104218.3348440901
2024-02-19,1469.01416015625,1,133843.73177327745,67.98049007083962,0,98016.69728244953,37.083317216606474,38.5500040525051,-1,104218.3348440901
2024-02-20,1466.04931640625,1,133573.60112213215,63.171185626531965,0,98016.69728244953,35.82957496036238,38.00591823407656,-1,104218.3348440901
2024-02-21,1462.7354736328125,1,133271.6727300603,61.94354520275346,0,98016.69728244953,34.17463188923762,37.23966096510877,-1,104218.3348440901
2024-02-22,1476.7379150390625,1,134547.45281617588,57.76556843196827,0,98016.69728244953,33.605573448379346,36.512843461762884,-1,104218.3348440901
2024-02-23,1488.57275390625,1,135625.7399027696,68.43969342877283,0,98016.69728244953,33.72085015280004,35.95444479997032,-1,104218.3348440901
2024-02-26,1482.2940673828125,1,135053.68085955243,70.79472664022285,-1,98016.69728244953,32.926019584276446,35.34875975683155,-1,104218.3348440901
2024-02-27,1480.624755859375,1,134901.58778254272,66.67302015338507,0,98016.69728244953,31.7948993354521,34.63798767255566,-1,104218.3348440901
2024-02-28,1450.7012939453125,1,132175.2234500657,51.80325367152456,0,98016.69728244953,28.159302186272043,33.34225057529894,-1,104218.3348440901
2024-02-29,1455.85888671875,1,132645.13822862055,50.01703370341032,0,98016.69728244953,25.401428034952005,31.754086067229554,-1,104218.3348440901
2024-03-01,1487.077880859375,1,135489.54013523314,61.70024795943294,0,98016.69728244953,25.44162955114757,30.491594764013158,-1,104218.3348440901
2024-03-04,1502.30126953125,1,136876.56226568154,62.260871294046474,0,98016.69728244953,26.39759474078187,29.6727947593669,-1,104218.3348440901
2024-03-05,1495.12548828125,1,136222.76779117045,55.75948171709692,0,98016.69728244953,26.27331603191101,28.992899013875725,-1,104218.3348440901
2024-03-06,1497.9161376953125,1,136477.02737680255,60.421371288634376,0,98016.69728244953,26.09915157187288,28.414149525475157,-1,104218.3348440901
2024-03-07,1473.922607421875,1,134290.94659057623,55.413014416302346,0,98016.69728244953,23.751257895365143,27.481571199453157,-1,104218.3348440901
2024-03-11,1461.63916015625,1,133171.78622734552,47.80284681460793,0,98016.69728244953,20.661194316850697,26.117495822932668,-1,104218.3348440901
2024-03-12,1470.4344482421875,1,133973.13601101114,51.26255330784538,0,98016.69728244953,18.706367550604,24.63527016846694,-1,104218.3348440901
2024-03-13,1427.3306884765625,1,130045.89812796959,41.70658449769872,0,98016.69728244953,13.523153578074698,22.41284685038849,-1,104218.3348440901
2024-03-14,1426.633056640625,1,129982.33601205656,37.48294552509485,0,98016.69728244953,9.252469395270964,19.780771359364984,-1,104218.3348440901
2024-03-15,1413.4278564453125,1,128779.19357756441,31.355170899398786,0,98016.69728244953,4.747644229114712,16.77414593331493,-1,104218.3348440901
2024-03-18,1434.60595703125,1,130708.75701621106,38.98231184157312,0,98016.69728244953,2.8535397242624185,13.990024691504427,-1,104218.3348440901
2024-03-19,1420.4290771484375,1,129417.0836206222,36.85245845693295,0,98016.69728244953,0.20611654919071043,11.233243063041684,-1,104218.3348440901
2024-03-20,1438.866455078125,1,131096.936363472,47.27856689323053,0,98016.69728244953,-0.39963632063904697,8.906667186305539,-1,104218.3348440901
2024-03-21,1446.0670166015625,1,131752.98859993066,47.76930842025934,0,98016.69728244953,-0.29527099660595013,7.066279549723241,-1,104218.3348440901
2024-03-22,1450.1033935546875,1,132120.74799184315,40.386147444463134,0,98016.69728244953,0.11185180334564393,5.675394000447722,-1,104218.3348440901
2024-03-26,1436.6988525390625,1,130899.44336395011,32.7796309291498,0,98016.69728244953,-0.6397601216235671,4.412363176033464,-1,104218.3348440901
2024-03-27,1487.8004150390625,1,135555.37113507377,48.437517087663295,0,98016.69728244953,2.8551387704558238,4.100918294917936,-1,104218.3348440901
2024-03-28,1480.8240966796875,1,134919.7499759436,46.41812319458245,0,98016.69728244953,5.004254799451701,4.28158559582469,1,104218.33484409009
2024-04-01,1479.7528076171875,1,134822.14347913646,51.35165883215274,0,98016.69728244953,6.54554766277397,4.734378009214546,1,104142.93901383532
2024-04-02,1481.9202880859375,1,135019.6253566783,54.93332383149681,0,98016.69728244953,7.851424585530367,5.3577873244777106,1,104295.48326657047
2024-04-03,1466.622314453125,1,133625.80769642713,49.10114526337604,0,98016.69728244953,7.5647214336704565,5.79917414631626,1,103218.83321605109
2024-04-04,1457.9766845703125,1,132838.0934602872,58.62796365870859,0,98016.69728244953,6.5642089287846375,5.952181102809936,1,102610.36584164428
2024-04-05,1455.1611328125,1,132581.5649907275,57.93703947225422,0,98016.69728244953,5.480923390956832,5.857929560439315,-1,102412.2112353514
2024-04-08,1480.9486083984375,1,134931.0943955816,67.55636076475689,0,98016.69728244953,6.6268552996173185,6.0117147082749165,1,102412.2112353514
2024-04-09,1458.69921875,-1,132903.92446012783,56.22988572503557,0,98016.69728244953,5.674265395135535,5.944224845647041,-1,100873.59660712496
2024-04-10,1474.5703125,-1,132903.92446012783,63.877911302772986,0,98016.69728244953,6.129340436978737,5.98124796391338,1,100873.59660712494
2024-04-12,1462.1873779296875,-1,132903.92446012783,56.16928934256033,0,98016.69728244953,5.428218234101905,5.870642017951085,-1,100026.49482020481
2024-04-15,1459.8701171875,-1,132903.92446012783,53.74829863871207,0,98016.69728244953,4.632193221256102,5.622952258612089,-1,100026.49482020481
2024-04-16,1460.7921142578125,-1,132903.92446012783,52.952514030527944,0,98016.69728244953,4.029287997755091,5.30421940644069,-1,100026.49482020481
2024-04-18,1459.371826171875,-1,132903.92446012783,56.70693880027125,0,98016.69728244953,3.3977092089801317,4.922917366948578,-1,100026.49482020481
2024-04-19,1465.15234375,1,132903.92446012783,40.845950189117154,0,98016.69728244953,3.3252860991183297,4.6033911133825285,-1,100026.49482020481
2024-04-22,1474.8443603515625,1,133783.08699075144,47.634988992313936,0,98016.69728244953,4.003801669589166,4.4834732246238564,-1,100026.49482020481
2024-04-23,1454.3887939453125,1,131927.5631852971,41.3020873449896,0,98016.69728244953,2.857991743167986,4.158376928332682,-1,100026.49482020481
2024-04-24,1445.269775390625,1,131100.37729004695,38.00363278069144,0,98016.69728244953,1.200264631288519,3.56675446892385,-1,100026.49482020481
2024-04-25,1455.03662109375,1,131986.32756619333,46.06532611651709,0,98016.69728244953,0.6669189486542564,2.9867873648699312,-1,100026.49482020481
2024-04-26,1447.6368408203125,1,131315.09372305224,46.458466082320264,0,98016.69728244953,-0.34884055611860276,2.319661780672224,-1,100026.49482020481
2024-04-29,1460.069580078125,1,132442.86712231778,51.57729572823913,0,98016.69728244953,-0.148902671130827,1.825948890311614,-1,100026.49482020481
2024-04-30,1462.037841796875,1,132621.408082855,42.824747596855275,0,98016.69728244953,0.16645304733378907,1.4940497217160489,-1,100026.49482020481
2024-05-02,1461.5894775390625,-1,132580.73697468996,51.31403251532584,0,98016.69728244953,0.3758627657662146,1.2704123305260822,-1,100026.49482020481
2024-05-03,1429.1495361328125,-1,132580.73697468996,32.05358357264332,0,98016.69728244953,-2.052154721040324,0.6058989202128009,-1,100026.49482020481
2024-05-06,1414.7235107421875,-1,132580.73697468996,31.54429759691969,0,98016.69728244953,-5.081855293476792,-0.5316519225251177,-1,100026.49482020481
2024-05-07,1396.7344970703125,-1,132580.73697468996,28.11747692677409,1,98016.69728244953,-8.832660475979992,-2.1918536332160925,-1,100026.49482020481
2024-05-08,1413.7518310546875,-1,132580.73697468996,35.33252032148985,0,99210.8990990435,-10.313160281455794,-3.8161149628640327,-1,100026.49482020481
2024-05-09,1389.409423828125,-1,132580.73697468996,30.913566695883617,0,97502.65578919706,-13.297411585512009,-5.712374287393628,-1,100026.49482020481
2024-05-10,1402.6644287109375,-1,132580.73697468996,33.62066703655282,0,98432.8338608357,-14.426583453188869,-7.455216120552676,-1,100026.49482020481
2024-05-13,1397.955322265625,-1,132580.73697468996,29.305247719347122,1,98102.36943693181,-15.522511972468692,-9.06867529093588,-1,100026.49482020481
2024-05-14,1415.271484375,-1,132580.73697468996,39.290557815126604,0,99317.5416998984,-14.822904439276726,-10.21952112060405,-1,100026.49482020481
2024-05-15,1411.4844970703125,-1,132580.73697468996,40.47217584384735,0,99051.78755046298,-14.407952744536715,-11.057207445390583,-1,100026.49482020481
2024-05-16,1420.5286865234375,-1,132580.73697468996,40.22855088644699,0,99686.46907486972,-13.197181144197657,-11.485202185152,-1,100026.49482020481
2024-05-17,1430.84375,-1,132580.73697468996,45.3220138643772,0,100410.3349608718,-11.27532162279067,-11.443226072679733,1,100026.49482020481
2024-05-21,1431.267333984375,-1,132580.73697468996,41.40136209118314,0,100440.06022595064,-9.607307359427296,-11.076042330029246,1,100056.10645405302
2024-05-22,1455.7093505859375,-1,132580.73697468996,48.33421480316661,0,102155.29368458796,-6.241183095306496,-10.109070483084697,1,101764.78306321567
2024-05-23,1481.0234375,-1,132580.73697468996,54.523293099891866,0,103931.72521058067,-1.5134242958529285,-8.389941245638344,1,103534.42379693498
2024-05-24,1475.2430419921875,-1,132580.73697468996,62.248397254995076,0,103526.08242173963,1.7467930625925874,-6.362594383992158,1,103130.33166505759
2024-05-27,1461.2904052734375,-1,132580.73697468996,62.405400835100224,0,102546.94760948843,3.1681570887953967,-4.4564440894346475,1,102154.93980659907
2024-05-28,1451.2742919921875,-1,132580.73697468996,65.17396106304332,0,101844.06073621778,3.4466508408627305,-2.8758251033751723,1,101454.73986985158
2024-05-29,1435.901611328125,-1,132580.73697468996,56.21938738086571,0,100765.27347190256,2.3992551709518466,-1.8208090485097688,1,100380.07650229904
2024-05-30,1420.0303955078125,-1,132580.73697468996,59.027449388458116,0,99651.50119819771,0.28522419409137,-1.399602399989541,1,99270.56186309343
2024-05-31,1425.5616455078125,-1,132580.73697468996,57.07247806322978,0,100039.66004870276,-0.9330789837235898,-1.3062977167363508,1,99657.23689275635
2024-06-03,1505.21630859375,-1,132580.73697468996,72.64599971753131,-1,105629.47473088198,4.477261496168239,-0.14958587415543267,1,105225.68330388314
2024-06-04,1392.5487060546875,-1,132580.73697468996,46.5796718087196,0,105629.47473088198,-0.3226196579860243,-0.18419263092155103,-1,97349.38978002463
2024-06-05,1415.9443359375,-1,132580.73697468996,50.633893991618415,0,105629.47473088198,-2.2132156751990806,-0.589997239777057,-1,97349.38978002463
2024-06-06,1426.757568359375,-1,132580.73697468996,50.880904939192746,0,105629.47473088198,-2.806636000612798,-1.0333249919442054,-1,97349.38978002463
2024-06-07,1464.977783203125,-1,132580.73697468996,54.47418494522354,0,105629.47473088198,-0.1906759717278419,-0.8647951879009327,1,97349.38978002463
2024-06-10,1466.4229736328125,-1,132580.73697468996,54.59578565521881,0,105629.47473088198,1.976324153233918,-0.29657131967396255,1,97445.42427833518
2024-06-11,1451.747802734375,-1,132580.73697468996,49.4685483392893,0,105629.47473088198,2.4809251577789837,0.2589279758166267,1,96470.24298325994
2024-06-12,1458.375244140625,-1,132580.73697468996,46.80131441023943,0,105629.47473088198,3.3766799583308966,0.8824783723194808,1,96910.64377574886
2024-06-13,1460.2938232421875,1,132580.73697468996,47.86538303322545,0,105629.47473088198,4.19305051434867,1.5445928007253187,1,97038.1354735229
2024-06-14,1472.55224609375,1,133693.68473214822,51.615910209500655,0,105629.47473088198,5.762752909480469,2.3882248224763485,1,97852.72119485438
2024-06-18,1476.0155029296875,1,134008.11538735827,53.61804007477426,0,105629.47473088198,7.203175526088671,3.3512149631988133,1,98082.8584320846
2024-06-19,1453.7161865234375,1,131983.55036070602,52.5533933324865,0,105629.47473088198,6.470761446567167,3.9751242598724845,1,96601.04425746026
2024-06-20,1468.7152099609375,1,133345.318485445,56.99556789152455,0,105629.47473088198,7.019695174759136,4.584038442849815,1,97597.74591101323
2024-06-21,1449.2811279296875,1,131580.88938417748,53.27733201459695,0,105629.47473088198,5.819477789228358,4.831126312125524,1,96306.329721383
2024-06-24,1436.59912109375,1,130429.48424511199,38.365991752676315,0,105629.47473088198,3.8011476365672934,4.625130577013878,-1,95463.5963770143
2024-06-25,1449.2313232421875,1,131576.36759406343,64.544165219592,0,105629.47473088198,3.184213954596089,4.3369472525303205,-1,95463.5963770143
2024-06-26,1508.90380859375,1,136994.05954009685,70.10885638477657,-1,105629.47473088198,7.424772277910051,4.954512257606267,1,95463.5963770143
2024-06-27,1525.3729248046875,1,138489.29805293263,70.8228062460918,-1,105629.47473088198,11.97630989530603,6.358871785146221,1,96505.54554149571
2024-06-28,1560.1051025390625,1,141642.6481852612,70.3865977628406,-1,105629.47473088198,18.176505284950508,8.722398485107078,1,98702.94114593732
2024-07-01,1554.872802734375,1,141167.60531845115,68.65277891475358,0,105629.47473088198,22.40967712677707,11.459854213441076,1,98371.91000012576
2024-07-02,1559.880859375,1,141622.28904692907,73.77298193220525,-1,105629.47473088198,25.870386910061143,14.34196075276509,1,98688.75398650247
2024-07-03,1547.1739501953125,1,140468.62301280655,69.01406609974296,0,105629.47473088198,27.27329342211715,16.928227286635504,1,97884.82782353547
2024-07-04,1548.7685546875,1,140613.39787618848,68.97101572941243,0,105629.47473088198,28.188834854904144,19.18034880028923,1,97985.7134325161
2024-07-05,1583.25146484375,1,143744.11689230902,71.67101752802888,-1,105629.47473088198,31.33567257277241,21.611413554785866,1,100167.33866158157
2024-07-08,1595.4849853515625,1,144854.80375471024,72.61148939630857,-1,105629.47473088198,34.41993541135207,24.17311792609911,1,100941.31501274217
2024-07-09,1584.8958740234375,1,143893.413545805,75.9794161361788,-1,105629.47473088198,35.59941524547298,26.458377389973887,1,100271.37525643558
2024-07-10,1578.8663330078125,1,143345.9887887134,72.61839113189461,-1,105629.47473088198,35.63682876388839,28.29406766475679,1,99889.905167636
2024-07-11,1575.303466796875,1,143022.51455327528,77.68166600258375,-1,105629.47473088198,34.975806395234486,29.63041541085233,1,99664.49383261973
2024-07-12,1591.3240966796875,1,144477.03478944677,83.49512202727479,-1,105629.47473088198,35.33732565380433,30.77179745944273,1,100678.06867823146
2024-07-15,1591.8223876953125,1,144522.2748562251,82.57995309805007,-1,105629.47473088198,35.25761238294672,31.66896044414353,1,100709.59398297455
2024-07-16,1570.9183349609375,1,142624.38644967967,67.22012629780656,0,105629.47473088198,33.12580305080951,31.960328965476727,1,99387.06033867417
2024-07-18,1581.30810546875,1,143567.6784153098,66.07473743810877,0,105629.47473088198,31.906893636786208,31.949641899738623,-1,100044.38842848262
2024-07-19,1549.8897705078125,1,140715.19356784914,47.00730114953052,0,105629.47473088198,28.081990382342155,31.176111596259332,-1,100044.38842848262
2024-07-22,1495.5989990234375,1,135786.10985896795,36.51208901219595,0,105629.47473088198,20.434360872188563,29.02776145144518,-1,100044.38842848262
2024-07-23,1482.8671875,1,134630.1829297884,33.070430033660784,0,105629.47473088198,13.194115056128112,25.861032172381766,-1,100044.38842848262
2024-07-24,1490.6407470703125,1,135335.94792060406,37.29703842596504,0,105629.47473088198,7.991310521448895,22.287087842195195,-1,100044.38842848262
2024-07-25,1487.3519287109375,1,135037.3546136121,36.304015601376555,0,105629.47473088198,3.561614216078169,18.541993116971792,-1,100044.38842848262
2024-07-26,1503.9207763671875,1,136541.64778949486,30.772972214940864,0,105629.47473088198,1.3721976734395867,15.108034028265353,-1,100044.38842848262
2024-07-29,1514.958251953125,1,137543.74519224546,30.36928100101713,0,105629.47473088198,0.5216876349404629,12.190764749600376,-1,100044.38842848262
2024-07-30,1508.03173828125,1,136914.88388182537,30.921454096364883,0,105629.47473088198,-0.7031539432348382,9.611981011033334,-1,100044.38842848262
2024-07-31,1500.3328857421875,1,136215.90157618077,30.667318956512545,0,105629.47473088198,-2.268927986878907,7.235799211450886,-1,100044.38842848262
2024-08-01,1510.174560546875,1,137109.43168491856,34.44789829057936,0,105629.47473088198,-2.6847264356631513,5.251694082028079,-1,100044.38842848262
2024-08-02,1494.25341796875,1,135663.94394615624,26.80951856018916,1,105629.47473088198,-4.249961933841405,3.3513628788541823,-1,100044.38842848262
2024-08-05,1442.4293212890625,1,130958.81075892846,21.338439430360424,1,101966.00503768947,-9.56196940191785,0.7686964226997761,-1,100044.38842848262
2024-08-06,1451.125,1,131748.29536376748,25.887723205400818,1,102580.70664293221,-12.92115792672439,-1.9692744471850574,-1,100044.38842848262
2024-08-07,1459.8701171875,1,132542.26851026382,25.393770900528338,1,103198.9030772635,-14.708134939160345,-4.517046545580115,-1,100044.38842848262
2024-08-08,1444.223388671875,1,131121.69494840442,27.127606447040833,1,102092.82850216975,-17.18874615597133,-7.051386467658358,-1,100044.38842848262
2024-08-09,1469.313232421875,1,133399.6132152703,43.486856233723415,0,103866.44132080064,-16.934892808390714,-9.02808773580483,-1,100044.38842848262
2024-08-12,1455.6844482421875,1,132162.24973276226,43.29440928250983,0,102903.01617697337,-17.630211085350766,-10.748512405714017,-1,100044.38842848262
2024-08-13,1458.67431640625,-1,132433.701216251,41.923730512421166,0,103114.37135935857,-17.73555402902275,-12.145920730375764,-1,100044.38842848262
2024-08-14,1456.9052734375,-1,132433.701216251,42.24817019160541,0,102989.31688244164,-17.757093335343825,-13.268155251369377,-1,100044.38842848262
2024-08-16,1473.199951171875,-1,132433.701216251,42.16743052879841,0,104141.19529161455,-16.271748490142727,-13.868873899124047,-1,100044.38842848262
2024-08-19,1488.4000244140625,-1,132433.701216251,43.36946378492639,0,105215.69559600453,-13.710042287373199,-13.837107576773878,1,100044.38842848262
2024-08-20,1495.949951171875,-1,132433.701216251,46.9930171060243,0,105749.40345846902,-10.944494355379447,-13.258584932494994,1,100551.86477407227
2024-08-21,1498.675048828125,-1,132433.701216251,49.57691351540289,0,105942.0418895133,-8.435644232602272,-12.29399679251645,1,100735.03510728611
2024-08-22,1498.125,-1,132433.701216251,46.77180722544827,0,105903.15867995025,-6.417766758224161,-11.118750785657992,1,100698.06299111241
2024-08-23,1499.9749755859375,-1,132433.701216251,51.65785584778753,0,106033.93432152327,-4.616095279896172,-9.81821968450563,1,100822.41106492786
2024-08-26,1512.5999755859375,-1,132433.701216251,76.30876058596739,-1,106926.40149104141,-2.144801725310117,-8.283536092666527,1,101671.01384858262
2024-08-27,1500.449951171875,-1,132433.701216251,68.02625309828316,0,106926.40149104141,-1.153393603319273,-6.8575075947970765,1,100854.33705339476
2024-08-28,1498.300048828125,-1,132433.701216251,64.75588561186552,0,106926.40149104141,-0.5350074428183689,-5.593007564401335,1,100709.82908400924
2024-08-29,1520.925048828125,-1,132433.701216251,77.95305715709303,-1,106926.40149104141,1.7604233945287433,-4.1223213726153185,1,102230.59248838064
2024-08-30,1509.625,-1,132433.701216251,66.33279061164009,0,106926.40149104141,2.637347666622418,-2.770387564767771,1,101471.04770493656
2024-09-02,1516.25,-1,132433.701216251,76.01530654513155,-1,106926.40149104141,3.822831382175764,-1.451743775379064,1,101916.35411616134
2024-09-03,1509.125,-1,132433.701216251,70.92715204961446,-1,106926.40149104141,4.139688066644567,-0.3334574069743379,1,101437.43967390072
2024-09-04,1514.550048828125,-1,132433.701216251,73.20739843759215,-1,106926.40149104141,4.773529101259783,0.6879398946724863,1,101802.09009267378
2024-09-05,1492.9749755859375,-1,132433.701216251,57.63660585238828,0,106926.40149104141,3.494640546652363,1.2492800250684617,1,100351.8986304262
2024-09-06,1464.824951171875,-1,132433.701216251,41.72369845390645,0,106926.40149104141,0.2072513777138738,1.040874295597544,-1,98459.76484209171
2024-09-09,1462.449951171875,-1,132433.701216251,37.79601442250394,0,106926.40149104141,-2.5601589555308237,0.32066764537187054,-1,98459.76484209171
2024-09-10,1461.5250244140625,-1,132433.701216251,36.28645096867629,0,106926.40149104141,-4.77296566504333,-0.6980590167111695,-1,98459.76484209171
2024-09-11,1451.5,-1,132433.701216251,33.91409891629732,0,106926.40149104141,-7.251970411623233,-2.0088412956935824,-1,98459.76484209171
2024-09-12,1479.800048828125,-1,132433.701216251,44.11381111969827,0,106926.40149104141,-6.854013307565083,-2.9778756980678827,-1,98459.76484209171
2024-09-13,1472.625,-1,132433.701216251,37.95391459611451,0,106926.40149104141,-7.036483707397338,-3.789597299933774,-1,98459.76484209171
2024-09-16,1471.3499755859375,-1,132433.701216251,40.61594856125671,0,106926.40149104141,-7.200968347619892,-4.471871509470997,-1,98459.76484209171
2024-09-17,1472.300048828125,-1,132433.701216251,41.55023001693192,0,106926.40149104141,-7.171986444170898,-5.011894496410977,-1,98459.76484209171
2024-09-18,1463.449951171875,-1,132433.701216251,29.48423439517977,1,106926.40149104141,-7.773538481635114,-5.564223293455805,-1,98459.76484209171
2024-09-19,1469.675048828125,-1,132433.701216251,35.203775304632146,0,107381.23583011814,-7.659663615541376,-5.983311357872919,-1,98459.76484209171
2024-09-20,1485.925048828125,-1,132433.701216251,39.51604190510917,0,108568.53575987526,-6.186859505461825,-6.024020987390701,-1,98459.76484209171
2024-09-23,1493.375,-1,132433.701216251,44.567108571929055,0,109112.86354467901,-4.368149530800338,-5.692846696072628,1,98459.7648420917
2024-09-24,1489.375,-1,132433.701216251,41.22975777369531,0,108820.60510043112,-3.212543145742984,-5.1967859860067,1,98196.04068749666
2024-09-25,1493.949951171875,-1,132433.701216251,50.38528888224256,0,109154.87212843169,-1.9055899796851463,-4.5385467847423895,1,98497.67197002574
2024-09-26,1497.949951171875,-1,132433.701216251,66.17822759694654,0,109447.1305726796,-0.5408193797288732,-3.7390013037396868,1,98761.39612462078
2024-09-27,1526.175048828125,-1,132433.701216251,74.84887026357026,-1,111509.3863551198,2.7861832609603425,-2.433964390799681,1,100622.30612906002
2024-09-30,1476.574951171875,-1,132433.701216251,54.253782685111254,0,111509.3863551198,1.404354938369579,-1.6663005249658291,1,97352.12017350354
2024-10-01,1464.824951171875,-1,132433.701216251,53.72985717214515,0,111509.3863551198,-0.6316000715046357,-1.4593604342735904,1,96577.43046938062
2024-10-03,1406.9749755859375,-1,132433.701216251,32.50872389793905,0,111509.3863551198,-6.834336663629074,-2.5343556801446874,-1,92763.32149319435
2024-10-04,1386.5250244140625,-1,132433.701216251,30.559979185511878,0,111509.3863551198,-13.24748153255291,-4.676980850626332,-1,92763.32149319435
2024-10-07,1370.7249755859375,-1,132433.701216251,28.67891635757924,1,111509.3863551198,-19.381459538283025,-7.617876588157671,-1,92763.32149319435
2024-10-08,1397.3499755859375,-1,132433.701216251,35.67743238785896,0,113675.34777304462,-21.842479804444338,-10.462797231415005,-1,92763.32149319435
2024-10-09,1374.5999755859375,-1,132433.701216251,33.877713576398776,0,111824.62017650793,-25.336527251670987,-13.437543235466201,-1,92763.32149319435
2024-10-10,1371.050048828125,-1,132433.701216251,31.928538708199724,0,111535.83127908518,-28.0684785001024,-16.36373028839344,-1,92763.32149319435
2024-10-11,1372.0999755859375,-1,132433.701216251,27.913048298026467,1,111621.24351754785,-29.805272602950026,-19.052038751304757,-1,92763.32149319435
2024-10-14,1372.5250244140625,-1,132433.701216251,25.892686252785126,1,111655.82152177143,-30.79244046814597,-21.400119094673002,-1,92763.32149319435
2024-10-15,1344.0250244140625,-1,132433.701216251,23.587141070500877,1,109337.32760962656,-33.48845585577078,-23.817786446892562,-1,92763.32149319435
2024-10-16,1354.074951171875,-1,132433.701216251,25.07795100222718,1,110154.89582034551,-34.4173802402579,-25.93770520556563,-1,92763.32149319435
2024-10-17,1356.425048828125,-1,132433.701216251,24.634850290807066,1,110346.07782416872,-34.565476965038215,-27.66325955746015,-1,92763.32149319435
2024-10-18,1359.300048828125,-1,132433.701216251,17.102020699852147,1,110579.96098197282,-34.05825386376864,-28.942258418721853,-1,92763.32149319435
2024-10-21,1369.199951171875,-1,132433.701216251,24.903564793046613,1,111385.32460705398,-32.482992798443775,-29.65040529466624,-1,92763.32149319435
2024-10-22,1343.3499755859375,-1,132433.701216251,23.36364595105192,1,109282.41193950697,-32.9407436595493,-30.308472967642853,-1,92763.32149319435
2024-10-23,1338.5250244140625,-1,132433.701216251,30.442843809770935,0,108889.8989599144,-33.30888367373268,-30.90855510886082,-1,92763.32149319435
2024-10-24,1339.800048828125,-1,132433.701216251,35.00721102813358,0,108993.62304208422,-33.116012692569484,-31.350046625602555,-1,92763.32149319435
2024-10-25,1327.8499755859375,-1,132433.701216251,35.894047926951316,0,108021.47665395451,-33.54079468741611,-31.78819623796527,-1,92763.32149319435
2024-10-28,1334.3499755859375,-1,132433.701216251,26.109188474549896,1,108550.2559672507,-32.97285129662737,-32.02512724969769,-1,92763.32149319435
2024-10-29,1340.0,-1,132433.701216251,34.92374187659769,0,109009.88920260067,-31.701408216150867,-31.960383442988327,1,92763.32149319435
2024-10-30,1343.9000244140625,-1,132433.701216251,38.205894798912716,0,109327.15877667857,-30.032880684557313,-31.574882891302124,1,93033.3059846518
2024-10-31,1332.050048828125,-1,132433.701216251,34.09455163165994,0,108363.15539930799,-29.328671916693338,-31.12564069638037,1,92212.97531676761
2024-11-01,1338.6500244140625,-1,132433.701216251,37.17584231550578,0,108900.0677928624,-27.916217742232902,-30.483756105550878,1,92669.86759820458
2024-11-04,1302.1500244140625,-1,132433.701216251,35.052645155443074,0,105930.7685720453,-29.403141477430836,-30.26763317992687,1,90143.1054829049
2024-11-05,1305.300048828125,-1,132433.701216251,31.687672438288857,0,106187.02514843518,-29.981747681635852,-30.210456080268667,1,90361.17020486988
2024-11-06,1325.3499755859375,-1,132433.701216251,39.70170724622906,0,107818.09999499442,-28.493974935798406,-29.867159851374616,1,91749.15363901165
2024-11-07,1305.6500244140625,-1,132433.701216251,34.00415054043647,0,106215.4958945894,-28.575129431422283,-29.60875376738415,1,90385.39774053637
2024-11-08,1283.75,-1,132433.701216251,26.224269785653433,1,104433.91437599895,-30.06008000739007,-29.699019015385336,-1,88869.3387812599
2024-11-11,1272.699951171875,-1,132433.701216251,28.577921784698788,1,103534.98557119505,-31.762423185592752,-30.11169984942682,-1,88869.3387812599
2024-11-12,1274.25,-1,132433.701216251,30.116016745806192,0,103661.08307195066,-32.61055228552391,-30.611470336646242,-1,88869.3387812599
2024-11-13,1252.050048828125,-1,132433.701216251,25.965495335852083,1,101855.10231258556,-34.67434694692406,-31.424045658701807,-1,88869.3387812599
2024-11-14,1267.5999755859375,-1,132433.701216251,33.816805907117654,0,103120.09917301667,-34.65568083546714,-32.070372694054875,-1,88869.3387812599
2024-11-18,1260.75,-1,132433.701216251,30.26809014489396,0,102562.84911356625,-34.792556654309465,-32.6148094861058,-1,88869.3387812599
2024-11-19,1241.6500244140625,-1,132433.701216251,25.406336672590598,1,101009.05342521146,-36.02694394767332,-33.297236378419306,-1,88869.3387812599
2024-11-21,1223.0,-1,132433.701216251,21.84440599697183,1,99491.8615632691,-38.07124427097256,-34.25203795692996,-1,88869.3387812599
2024-11-22,1265.4000244140625,-1,132433.701216251,36.411812927961805,0,102941.13168533218,-35.856705604960325,-34.572971486536034,-1,88869.3387812599
2024-11-25,1287.0,-1,132433.701216251,40.076839838515326,0,104698.30403264705,-31.989969787354994,-34.05637114669983,1,88869.3387812599
2024-11-26,1295.699951171875,-1,132433.701216251,48.612588086832,0,105406.05083362774,-27.901904654011787,-32.82547784816222,1,89470.0838535783
2024-11-27,1293.199951171875,-1,132433.701216251,47.389968107919096,0,105202.67417466767,-24.580464396788557,-31.17647515788749,1,89297.45499036684
2024-11-28,1270.800048828125,-1,132433.701216251,38.35148880043584,0,103380.42725478613,-23.484963933259905,-29.638172912961977,1,87750.70711930712
2024-11-29,1292.199951171875,-1,132433.701216251,47.14859263146835,0,105121.32351108364,-20.651916215800384,-27.840921573529663,1,89228.40344508225
2024-12-02,1309.1500244140625,-1,132433.701216251,55.50022706474279,0,106500.2232171335,-16.844799868375958,-25.641697232498924,1,90398.83219514218
2024-12-03,1323.300048828125,-1,132433.701216251,60.81199795923265,0,107651.33709294772,-12.541275997695493,-23.02161298553824,1,91375.91324674779
2024-12-04,1308.949951171875,-1,132433.701216251,57.02997946368158,0,106483.94712611615,-10.171385872188466,-20.451567562868288,1,90385.01682859904
2024-12-05,1322.050048828125,-1,132433.701216251,64.72444559935664,0,107549.64876346769,-7.153699084786467,-17.79199386725192,1,91289.59881514206
2024-12-06,1311.550048828125,-1,132433.701216251,59.44553376963474,0,106695.46679583537,-5.54549776605495,-15.342694647012529,1,90564.55758965392
2024-12-09,1295.1500244140625,-1,132433.701216251,57.10157184380044,0,105361.31392695708,-5.530578477959125,-13.380271413201848,1,89432.110561158
2024-12-10,1284.8499755859375,-1,132433.701216251,59.254482446258244,0,104523.39811984121,-6.2775193584413955,-11.95972100224976,1,88720.8762730693
2024-12-11,1278.199951171875,-1,132433.701216251,62.46610538619735,0,103982.41422090722,-7.3216770458845986,-11.032112210976727,1,88261.68181109807
2024-12-12,1262.9000244140625,-1,132433.701216251,49.356665112778366,0,102737.7550263721,-9.276818370904948,-10.681053442962373,1,87205.19822573016
2024-12-13,1272.8499755859375,-1,132433.701216251,46.12646522784339,0,103547.19015683283,-9.909177225846406,-10.52667819953918,1,87892.25772965429
2024-12-16,1268.300048828125,-1,132433.701216251,42.32495732668067,0,103177.05059582605,-10.654647098850091,-10.552271979401363,-1,87578.07825609566
2024-12-17,1245.300048828125,-1,132433.701216251,37.96484865734924,0,101305.98533339336,-12.952042046658107,-11.032225992852712,-1,87578.07825609566
2024-12-18,1253.25,-1,132433.701216251,45.24517903420614,0,101952.71913668602,-13.97020959551287,-11.619822713384744,-1,87578.07825609566
2024-12-19,1230.449951171875,-1,132433.701216251,33.39609165340602,0,100097.92003476976,-16.427521859731087,-12.581362542654013,-1,87578.07825609566
2024-12-20,1205.300048828125,-1,132433.701216251,23.255224690454497,1,98051.95879003215,-20.171818300887935,-14.099453694300799,-1,87578.07825609566
2024-12-23,1222.300048828125,-1,132433.701216251,24.365482233502533,1,99434.92007096065,-21.51938026132848,-15.583439007706335,-1,87578.07825609566
2024-12-24,1222.75,-1,132433.701216251,26.460944802307267,1,99471.5238973731,-22.294033780597374,-16.925557962284543,-1,87578.07825609566
2024-12-26,1216.550048828125,-1,132433.701216251,20.06237928043518,1,98967.15375535248,-23.14147598996783,-18.1687415678212,-1,87578.07825609566
2024-12-27,1221.050048828125,-1,132433.701216251,23.41358525858581,1,99333.23174148062,-23.182731555828013,-19.171539565422563,-1,87578.07825609566
2024-12-30,1210.699951171875,-1,132433.701216251,24.276519559906745,1,98491.24442898517,-23.776512435495306,-20.092534139437113,-1,87578.07825609566
